title,cover_img,year_released,release_type
The Red Hot Chili Peppers,https://i.discogs.com/9tHg6msS4tTGb1uxdMlD4JZ7AJcfVidavUAaNMMidtE/rs:fit/g:sm/q:90/h:600/w:600/czM6Ly9kaXNjb2dz/LWRhdGFiYXNlLWlt/YWdlcy9SLTY4Nzg4/MC0xMjI1MzUyODUz/LmpwZWc.jpeg,1984,studio_album
Freaky Styley,https://i.discogs.com/UX2CcDkA-qvABPiPGfhtvV_pM2P0q3prVGtNRkQJyhI/rs:fit/g:sm/q:90/h:600/w:597/czM6Ly9kaXNjb2dz/LWRhdGFiYXNlLWlt/YWdlcy9SLTY4NzE2/OS0xNDk3Njc4NDQ3/LTUzODIuanBlZw.jpeg,1985,studio_album
The Uplift Mofo Party Plan,https://i.discogs.com/dyGUsTno_cqZXmO-qFkpz382mDfVxaeTvKvR8ekog4Q/rs:fit/g:sm/q:90/h:600/w:600/czM6Ly9kaXNjb2dz/LWRhdGFiYXNlLWlt/YWdlcy9SLTY4OTcz/OS0xMzQ4NDY4MjMz/LTcwNzEuanBlZw.jpeg,1987,studio_album
Mother's Milk,https://i.discogs.com/FZjsnBgcUt24K9n2lW0eSdv9zh-meQ5VdZI__35Dkug/rs:fit/g:sm/q:90/h:599/w:600/czM6Ly9kaXNjb2dz/LWRhdGFiYXNlLWlt/YWdlcy9SLTg5NTcz/Ny0xNTMxOTc2Mjg2/LTY4MTcuanBlZw.jpeg,1989,studio_album
Sock-Cess,https://i.discogs.com/DQiRxfVbkiOYfyLxSangleP2u2qR00oyJoB2qXah7Mk/rs:fit/g:sm/q:90/h:598/w:600/czM6Ly9kaXNjb2dz/LWRhdGFiYXNlLWlt/YWdlcy9SLTE2MjA2/NTYtMTI3Njc4OTEw/MC5qcGVn.jpeg,1989,studio_album
Blood Sugar Sex Magik,https://i.discogs.com/TBFMsp_ki2nO56jvJ4CR7X5KwWGv1Apai7DPg-3usyI/rs:fit/g:sm/q:90/h:590/w:600/czM6Ly9kaXNjb2dz/LWRhdGFiYXNlLWlt/YWdlcy9SLTM3NTQ5/MS0xNTA3MjkyNTg2/LTE5NDIuanBlZw.jpeg,1991,studio_album
What Hits!?,https://i.discogs.com/CIJfEhs2r3XH3IPeXF5qmai492vkr3POlfTnZOKQ2sY/rs:fit/g:sm/q:90/h:600/w:600/czM6Ly9kaXNjb2dz/LWRhdGFiYXNlLWlt/YWdlcy9SLTM4MjE2/Mi0xMTcyMTg2MjEx/LmpwZWc.jpeg,1992,studio_album
Live Rare Remix Box,https://i.discogs.com/3Yxk-PtaHCBBcYjQUJWUbLFZFaxcYJVX0IhQLBpf69k/rs:fit/g:sm/q:90/h:523/w:600/czM6Ly9kaXNjb2dz/LWRhdGFiYXNlLWlt/YWdlcy9SLTIxMzYy/MTI1LTE2Mzk1OTI0/NDktMzM1MC5qcGVn.jpeg,1994,studio_album
Out in L.A.,https://i.discogs.com/3kmu7jveHuRMnp44uRJzczLmgt94kFzQdkKDE69moXo/rs:fit/g:sm/q:90/h:600/w:593/czM6Ly9kaXNjb2dz/LWRhdGFiYXNlLWlt/YWdlcy9SLTEzMjM4/MjctMTU5ODA1MDAx/Ny03MzU4LmpwZWc.jpeg,1994,studio_album
The Best of the Red Hot Chili Peppers,https://i.discogs.com/WOKZDZ1byCpbEbV3SIXCH6P_GP03-Fb47YFzFqxR5Bk/rs:fit/g:sm/q:90/h:600/w:587/czM6Ly9kaXNjb2dz/LWRhdGFiYXNlLWlt/YWdlcy9SLTMyODYz/MTgtMTMyNDI3Mzk3/NS5qcGVn.jpeg,1994,studio_album
One Hot Minute,https://i.discogs.com/WVOnh6wjiNP3A7rYw9vQmnXpyE43vs6kD-sbbTcqVE8/rs:fit/g:sm/q:90/h:600/w:600/czM6Ly9kaXNjb2dz/LWRhdGFiYXNlLWlt/YWdlcy9SLTM2Nzg5/NS0xNDYxMjkwMTc0/LTY3NTcuanBlZw.jpeg,1995,studio_album
Under the Covers:,https://i.discogs.com/4PoKMirTIR1djqAoy8uknwoNtfBgia0E0yw8j8ShCgc/rs:fit/g:sm/q:90/h:477/w:547/czM6Ly9kaXNjb2dz/LWRhdGFiYXNlLWlt/YWdlcy9SLTg2MDk3/OC0xNDMzMDM5MjE0/LTYxNDAuanBlZw.jpeg,1998,studio_album
Californication,https://i.discogs.com/CyHLgusU6vKUZ6AZbiWlLpgtKm2mT05k0NdV5LQvMjM/rs:fit/g:sm/q:90/h:600/w:600/czM6Ly9kaXNjb2dz/LWRhdGFiYXNlLWlt/YWdlcy9SLTEyNjY4/MDQtMTQ2MTI5MDIx/Ni03MDEwLmpwZWc.jpeg,1999,studio_album
By the Way,https://i.discogs.com/-V6sHDV-kCRpXrwNGxVl7sTBCsxtt_E2G-isxseGl1M/rs:fit/g:sm/q:90/h:600/w:600/czM6Ly9kaXNjb2dz/LWRhdGFiYXNlLWlt/YWdlcy9SLTIzODI4/MTYtMTQ2NzMxNTc0/Ni0xNTY0LmpwZWc.jpeg,2002,studio_album
Greatest Hits,https://i.discogs.com/1LKSXb8NOxqHcRYoNGM8zKpQmBj1x3caOQDlVhTjYg0/rs:fit/g:sm/q:90/h:600/w:600/czM6Ly9kaXNjb2dz/LWRhdGFiYXNlLWlt/YWdlcy9SLTE4ODUy/MjktMTQ2MTI5MDI2/My00NzAxLmpwZWc.jpeg,2003,studio_album
Red Hot Chili Peppers Live in Hyde Park,https://i.discogs.com/mOqdGt_Qz8HfTKF183GjVZOoU5vyWB_IDqDzSoQMA9E/rs:fit/g:sm/q:90/h:588/w:600/czM6Ly9kaXNjb2dz/LWRhdGFiYXNlLWlt/YWdlcy9SLTQzNjE5/Mi0xNDY0NTk0NjQ0/LTEwOTEuanBlZw.jpeg,2004,studio_album
Stadium Arcadium,https://i.discogs.com/Hr5IoUOewqhza4fmZGib-CJyXam5BVT_4tM6yswbYuk/rs:fit/g:sm/q:90/h:532/w:600/czM6Ly9kaXNjb2dz/LWRhdGFiYXNlLWlt/YWdlcy9SLTY4MTcy/MS0xMTQ5NDc2NTI1/LmpwZWc.jpeg,2006,studio_album
10 Great Songs,https://i.discogs.com/J26XoPDivCk0uLkcelONd6BzKjMrbjfWnMPNDw6Frpo/rs:fit/g:sm/q:90/h:491/w:500/czM6Ly9kaXNjb2dz/LWRhdGFiYXNlLWlt/YWdlcy9SLTYxOTY4/OTktMTQxMzQ3NDY1/NC0zOTU4LmpwZWc.jpeg,2009,studio_album
Road Trippin' Through Time,https://i.discogs.com/MVFIn2Qhz5RAT2zYuC3tkrlxlDLT5opQ9bYTWh3Q6ss/rs:fit/g:sm/q:90/h:438/w:500/czM6Ly9kaXNjb2dz/LWRhdGFiYXNlLWlt/YWdlcy9SLTQ3NzIy/MTUtMTM3NTAzMDYx/MC02Mjg3LmpwZWc.jpeg,2011,studio_album
I'm with You,https://i.discogs.com/8TDtid1uQrRaxLrIOOZTXmAs9Ukvlt0_VXDXxqK5CIY/rs:fit/g:sm/q:90/h:545/w:600/czM6Ly9kaXNjb2dz/LWRhdGFiYXNlLWlt/YWdlcy9SLTMwNzM3/MTEtMTMxNTI1MjA4/Ny5qcGVn.jpeg,2011,studio_album
I'm Beside You,https://i.discogs.com/F9Ikm5kZ7mDhapom1G82JBiRxDEUAz8YWph6iYER0h0/rs:fit/g:sm/q:90/h:595/w:600/czM6Ly9kaXNjb2dz/LWRhdGFiYXNlLWlt/YWdlcy9SLTUzNjIz/NjktMTUyNDA5Mzcz/OS00NDQ2LmpwZWc.jpeg,2013,studio_album
"Cardiff, Wales: 6/23/04",https://i.discogs.com/vJIoc2LbDJUq5TVpttnfQW6q055jryxs8_Ia7bPRsnQ/rs:fit/g:sm/q:90/h:200/w:362/czM6Ly9kaXNjb2dz/LWRhdGFiYXNlLWlt/YWdlcy9SLTY3ODc0/NDktMTQyNjYxNzU5/Ni00MTEwLmpwZWc.jpeg,2015,studio_album
The Getaway,https://i.discogs.com/baYWX5KmzX6ZM5dHXTrcXUB1pPQoSg69wgdf3wHWDS8/rs:fit/g:sm/q:90/h:540/w:600/czM6Ly9kaXNjb2dz/LWRhdGFiYXNlLWlt/YWdlcy9SLTg2NTEx/NjctMTU5Nzk2NjY5/Ny04MDgzLmpwZWc.jpeg,2016,studio_album
Unlimited Love,https://i.discogs.com/Cvfh3uEfMCQKjAtYpNqtcJor4ZdaBXh-4KwzfhIvUM4/rs:fit/g:sm/q:90/h:597/w:600/czM6Ly9kaXNjb2dz/LWRhdGFiYXNlLWlt/YWdlcy9SLTIyNzI5/NDU0LTE2NDg5MTEx/NTUtNTA3OC5qcGVn.jpeg,2022,studio_album
Return of the Dream Canteen,https://i.discogs.com/DHWL6rPC0W_kgDeFZjgAsbIgHYx_O_cMSlEAjWPmxww/rs:fit/g:sm/q:90/h:595/w:600/czM6Ly9kaXNjb2dz/LWRhdGFiYXNlLWlt/YWdlcy9SLTI0ODE4/NzU2LTE2NjcyNDgw/MjctMzcyNy5qcGVn.jpeg,2022,studio_album
Come Back Wearing A Smile,https://i.discogs.com/io_vJnrd-w_IGe0hDmix93WRJNHNQBT74fiofopJWAo/rs:fit/g:sm/q:90/h:566/w:600/czM6Ly9kaXNjb2dz/LWRhdGFiYXNlLWlt/YWdlcy9SLTMyOTQ0/MzUtMTQ3MDI0MDI3/OS05MjU1LmpwZWc.jpeg,2011,bootleg
Dirty Weekend,https://i.discogs.com/oyTwEuZjdfNauNOsqC95LYmv5lCGHYjXfILBf11Kj0I/rs:fit/g:sm/q:90/h:200/w:200/czM6Ly9kaXNjb2dz/LWRhdGFiYXNlLWlt/YWdlcy9SLTEzMTA0/ODQtMTIwODU5Njg5/OS5qcGVn.jpeg,1994,bootleg
Everybody Do The Twist,https://i.discogs.com/PsQvDIJJY748gLdT67zBgHrrLEn4VcImMZfCs6XmxYI/rs:fit/g:sm/q:90/h:597/w:600/czM6Ly9kaXNjb2dz/LWRhdGFiYXNlLWlt/YWdlcy9SLTEwNTUx/Mjg4LTE0OTk3MzQz/NDctMzQ3MC5qcGVn.jpeg,2006,bootleg
Get The Funk Out,https://i.discogs.com/NabbBEkxNb-itAUx90d6Btf7XAn2ltUCXwET-9otPrU/rs:fit/g:sm/q:90/h:597/w:600/czM6Ly9kaXNjb2dz/LWRhdGFiYXNlLWlt/YWdlcy9SLTEzMTA0/NzAtMTU1OTE1NjI5/MS01ODU4LmpwZWc.jpeg,1992,bootleg
Lollapalooza '92,https://i.discogs.com/JHwpPu4pS1OqoacYqTRhmNiZR4Tyy2iHqGlk-6zLusI/rs:fit/g:sm/q:90/h:599/w:600/czM6Ly9kaXNjb2dz/LWRhdGFiYXNlLWlt/YWdlcy9SLTEzMTAz/MDgtMTI1ODY1NDQw/My5qcGVn.jpeg,1992,bootleg
Woodstock '99,https://i.discogs.com/Tg0t5cQz8r1SBYOrW-_CnpYfdKjNgjNN05gf7ZSQ4YE/rs:fit/g:sm/q:90/h:532/w:600/czM6Ly9kaXNjb2dz/LWRhdGFiYXNlLWlt/YWdlcy9SLTE1NDE3/MjM3LTE1OTEyMDMy/NzAtNDA0Ny5qcGVn.jpeg,1999,bootleg
Havana Affair,https://i.discogs.com/TkKARoSE9fyiWXZ8Iu1JU8n8FSFwIvzva-2Y0Laeexg/rs:fit/g:sm/q:90/h:600/w:383/czM6Ly9kaXNjb2dz/LWRhdGFiYXNlLWlt/YWdlcy9SLTM1NDQ4/ODg2LTE3NjIwMTUw/MTUtOTAxMC5qcGVn.jpeg,2003,bootleg
Live At Rock Am Ring 2004,https://i.discogs.com/DbTRzcNfwEasOGekGCw7J4hd4XfXSUxAXRO5-4OlgaI/rs:fit/g:sm/q:90/h:600/w:590/czM6Ly9kaXNjb2dz/LWRhdGFiYXNlLWlt/YWdlcy9SLTY0NTg1/NDUtMTU4NDExMzcw/NS04MTEyLmpwZWc.jpeg,2004,bootleg
Sao Paulo 2023,https://i.discogs.com/R2ChwK1_fOwzdv3RufCViEMxHzYVPVmZpvcPAi4KHao/rs:fit/g:sm/q:90/h:600/w:600/czM6Ly9kaXNjb2dz/LWRhdGFiYXNlLWlt/YWdlcy9SLTMyMTMw/MzQ4LTE3MzAxMjQw/NDYtODQ5My5wbmc.jpeg,2003,bootleg
Rock In Rio 2001,https://i.discogs.com/9LeBwdVc359mqw_PA7VEpRDXHxWmC_Dnvr35dDXxTy4/rs:fit/g:sm/q:90/h:344/w:350/czM6Ly9kaXNjb2dz/LWRhdGFiYXNlLWlt/YWdlcy9SLTQ1MzY0/NDktMTM2NzY4ODI3/MC00ODcwLmpwZWc.jpeg,2001,bootleg
Riot Gig,https://i.discogs.com/4f81WzYNDWnReflrU_G-vcbhnhnDHPT688xjOtGmY18/rs:fit/g:sm/q:90/h:594/w:600/czM6Ly9kaXNjb2dz/LWRhdGFiYXNlLWlt/YWdlcy9SLTU0NDc2/MjctMTczODQwODcw/NC05MzIxLmpwZWc.jpeg,1999,bootleg
"Hello, It's Good To Be Back!",https://i.discogs.com/e5-UjsIBszmUbKc4wh9_4sqvNqsW26qiojBBuA0bP_M/rs:fit/g:sm/q:90/h:600/w:600/czM6Ly9kaXNjb2dz/LWRhdGFiYXNlLWlt/YWdlcy9SLTgwNjMw/NDUtMTQ1NDQyODM3/Ni0yMDM1LmpwZWc.jpeg,2001,bootleg
Live In Japan 2002,https://i.discogs.com/tolbdd1UgkKwDKOLAJwD4zqyHoeghFFP2SbiZUHdKcQ/rs:fit/g:sm/q:90/h:361/w:359/czM6Ly9kaXNjb2dz/LWRhdGFiYXNlLWlt/YWdlcy9SLTE2MjUx/Mjc0LTE2MDU5OTY0/MTQtNzE5Ny5qcGVn.jpeg,2002,bootleg
Sundance Club New York 1989,https://i.discogs.com/JawKcad3J5CH25_y1-7GYguw_ngwhr8zSpkTrGWK6PI/rs:fit/g:sm/q:90/h:600/w:450/czM6Ly9kaXNjb2dz/LWRhdGFiYXNlLWlt/YWdlcy9SLTMxMjgz/MTc0LTE3MjE1ODM5/ODEtMTM2Mi5qcGVn.jpeg,1989,bootleg
Live At The Lake,https://i.discogs.com/QrWKcBo9rUE0O6lJK7F359715-zogFSaFoVdOqHeLEA/rs:fit/g:sm/q:90/h:600/w:592/czM6Ly9kaXNjb2dz/LWRhdGFiYXNlLWlt/YWdlcy9SLTE3NDk4/MDU5LTE2MTM3ODYx/NDctMTgyNi5qcGVn.jpeg,2000,bootleg
Milan 1992,https://i.discogs.com/QRxQQiyQbF3w0s6tge422cCNOHJBwDb6d4gw1hs1lVI/rs:fit/g:sm/q:90/h:600/w:450/czM6Ly9kaXNjb2dz/LWRhdGFiYXNlLWlt/YWdlcy9SLTMwNDcy/NjA0LTE3MTM3OTE1/NTctNzc1OS5qcGVn.jpeg,1992,bootleg
True Men Don't Kill Coyotes,https://i.discogs.com/9tHg6msS4tTGb1uxdMlD4JZ7AJcfVidavUAaNMMidtE/rs:fit/g:sm/q:90/h:600/w:600/czM6Ly9kaXNjb2dz/LWRhdGFiYXNlLWlt/YWdlcy9SLTY4Nzg4/MC0xMjI1MzUyODUz/LmpwZWc.jpeg,1984,single
Catholic School Girls Rule,https://i.discogs.com/9tHg6msS4tTGb1uxdMlD4JZ7AJcfVidavUAaNMMidtE/rs:fit/g:sm/q:90/h:600/w:600/czM6Ly9kaXNjb2dz/LWRhdGFiYXNlLWlt/YWdlcy9SLTY4Nzg4/MC0xMjI1MzUyODUz/LmpwZWc.jpeg,1986,single
Higher Ground,https://i.discogs.com/De5MyJn-1KT3Z_ZdTYLJh0k6A_SZ7QTdyoZRUrfvB2w/rs:fit/g:sm/q:90/h:596/w:599/czM6Ly9kaXNjb2dz/LWRhdGFiYXNlLWlt/YWdlcy9SLTEyMDQw/Njc4LTE2MDA2MDMw/NDUtMzcwNy5qcGVn.jpeg,1989,single
Show Me Your Soul,https://i.discogs.com/KyxD6YIHY5r1PCrNB_CJ9CjadUpJBsxPZzR9H50RJbI/rs:fit/g:sm/q:90/h:500/w:500/czM6Ly9kaXNjb2dz/LWRhdGFiYXNlLWlt/YWdlcy9SLTMwMzE4/MDItMTMxMjU1MTA5/Ni5qcGVn.jpeg,1990,single
Give It Away ,https://i.discogs.com/45kzHcvtc8MEn6qc9L1TNYK40HcQsd2bSf4VNyoah38/rs:fit/g:sm/q:90/h:529/w:600/czM6Ly9kaXNjb2dz/LWRhdGFiYXNlLWlt/YWdlcy9SLTQ2NjI5/Ny0xMzc3MjMxNjc4/LTg2NzkuanBlZw.jpeg,1991,single
Under the Bridge,https://i.discogs.com/wlVePXorLHwod_Bz4MxM4e-qDu4OZoB0IezoXmgfL_s/rs:fit/g:sm/q:90/h:598/w:600/czM6Ly9kaXNjb2dz/LWRhdGFiYXNlLWlt/YWdlcy9SLTY2Nzg5/Ny0xNjY4NDAyODgw/LTUzNTQuanBlZw.jpeg,1991,single
Suck My Kiss,https://i.discogs.com/fB4a-S33ljRdsDfrQyYTX8m4lLLcZNdQxnnwv2UCUnA/rs:fit/g:sm/q:90/h:589/w:600/czM6Ly9kaXNjb2dz/LWRhdGFiYXNlLWlt/YWdlcy9SLTEyNjIw/MDktMTM3NzIzODAy/OS02NjU4LmpwZWc.jpeg,1992,single
Breaking the Girl,https://i.discogs.com/OEEyCAPf085H-JTULUYkZvVu_8izdjMJYbuYKU8lgxA/rs:fit/g:sm/q:90/h:599/w:598/czM6Ly9kaXNjb2dz/LWRhdGFiYXNlLWlt/YWdlcy9SLTI3MjY5/NzgtMTI5ODI4OTAx/My5qcGVn.jpeg,1992,single
Behind the Sun,https://i.discogs.com/iPTFVhFQc4n3wiGn1Vp8MYxbl-5XTLL5ROw10JndCh8/rs:fit/g:sm/q:90/h:600/w:378/czM6Ly9kaXNjb2dz/LWRhdGFiYXNlLWlt/YWdlcy9SLTExMjMw/ODYtMTE5Mzg2NjIx/Ni5qcGVn.jpeg,1993,single
Soul to Squeeze,https://i.discogs.com/6wCMdmqm_rRPWhU2KBNl-FTkvDJRXqAp_6tQHrDRejs/rs:fit/g:sm/q:90/h:590/w:600/czM6Ly9kaXNjb2dz/LWRhdGFiYXNlLWlt/YWdlcy9SLTEwNDYy/OTYtMTM4MTk1ODQ4/My05OTcwLmpwZWc.jpeg,1993,single
My Friends,https://i.discogs.com/jBOn05ngoYq_rE1ZR6HZaB503h5LrD8VSe5MRAd8JrI/rs:fit/g:sm/q:90/h:523/w:600/czM6Ly9kaXNjb2dz/LWRhdGFiYXNlLWlt/YWdlcy9SLTQ5ODI1/NzAtMTczMjQ4MzUz/NS02NTU4LmpwZWc.jpeg,1994,single
Aeroplane,https://i.discogs.com/7YYXM2uvcef-m4G6QFkKLigGmcAKM-3ODP7a44ZVkoA/rs:fit/g:sm/q:90/h:522/w:600/czM6Ly9kaXNjb2dz/LWRhdGFiYXNlLWlt/YWdlcy9SLTQ3MTU4/NS0xNjA5NzQ2MTc5/LTY5NTMuanBlZw.jpeg,1995,single
Love Rollercoaster,https://i.discogs.com/0Mtr1caAZNREDMuSa4kYCTvy_fKsx6CZpQu3kJqjcCE/rs:fit/g:sm/q:90/h:375/w:374/czM6Ly9kaXNjb2dz/LWRhdGFiYXNlLWlt/YWdlcy9SLTE2MDQz/NjQtMTIzMTYwODAx/NC5qcGVn.jpeg,1996,single
Scar Tissue,https://i.discogs.com/9prTH-L9M5MTGNm0EWjUg6v0UMLsV1AtdBY0k10FSiA/rs:fit/g:sm/q:90/h:523/w:600/czM6Ly9kaXNjb2dz/LWRhdGFiYXNlLWlt/YWdlcy9SLTE3MzUy/NTAtMTM4MTQwMDk0/My0xMDM4LmpwZWc.jpeg,1999,single
Around the World,https://i.discogs.com/K37d5vlojCHQmmIzxCHC8vhwLWWMdxl7OT7b7Ouplsg/rs:fit/g:sm/q:90/h:531/w:600/czM6Ly9kaXNjb2dz/LWRhdGFiYXNlLWlt/YWdlcy9SLTMzODgz/MDMtMTY1MTM0ODg1/OC00NTAwLmpwZWc.jpeg,1999,single
Californication,https://i.discogs.com/dhjVzjPr9AIUafsg7KQrVnriXRCnLcWnAEJDIn5YfVg/rs:fit/g:sm/q:90/h:525/w:600/czM6Ly9kaXNjb2dz/LWRhdGFiYXNlLWlt/YWdlcy9SLTM5OTcx/Ni0xNzMyNDc1NjQz/LTE0MjQuanBlZw.jpeg,2000,single
By the Way,https://theoriginalpostershop.com/cdn/shop/products/il_fullxfull.5703811989_495p_800x.jpg,2002,single
